invoice_id,customer_id,invoice_date,billing_address,billing_city,billing_state,billing_country,billing_postal_code,total
1,18,03-01-2017 00:00,627 Broadway,New York,NY,USA,10012-2612,15.84
2,30,03-01-2017 00:00,230 Elgin Street,Ottawa,ON,Canada,K2P 1L7,9.9
3,40,05-01-2017 00:00,"8, Rue Hanovre",Paris,None,France,75002,1.98
4,18,06-01-2017 00:00,627 Broadway,New York,NY,USA,10012-2612,7.92
5,27,07-01-2017 00:00,1033 N Park Ave,Tucson,AZ,USA,85719,16.83
6,31,10-01-2017 00:00,194A Chain Lake Drive,Halifax,NS,Canada,B3S 1C5,1.98
7,49,12-01-2017 00:00,Ordynacka 10,Warsaw,None,Poland,00-358,10.89
8,59,13-01-2017 00:00,"3,Raj Bhavan Road",Bangalore,None,India,560001,9.9
9,18,18-01-2017 00:00,627 Broadway,New York,NY,USA,10012-2612,8.91
10,31,18-01-2017 00:00,194A Chain Lake Drive,Halifax,NS,Canada,B3S 1C5,1.98
11,38,20-01-2017 00:00,Barbarossastraße 19,Berlin,None,Germany,10779,10.89
12,42,21-01-2017 00:00,"9, Place Louis Barthou",Bordeaux,None,France,33000,3.96
13,35,22-01-2017 00:00,"Rua dos Campeões Europeus de Viena, 4350",Porto,None,Portugal,None,0.99
14,25,23-01-2017 00:00,319 N. Frances Street,Madison,WI,USA,53703,0.99
15,44,25-01-2017 00:00,Porthaninkatu 9,Helsinki,None,Finland,530,3.96
16,1,26-01-2017 00:00,"Av. Brigadeiro Faria Lima, 2170",São José dos Campos,SP,Brazil,12227-000,8.91
17,20,28-01-2017 00:00,541 Del Medio Avenue,Mountain View,CA,USA,94040-111,10.89
18,24,02-02-2017 00:00,162 E Superior Street,Chicago,IL,USA,60611,4.95
19,10,06-02-2017 00:00,"Rua Dr. Falcão Filho, 155",São Paulo,SP,Brazil,01007-010,6.93
20,43,06-02-2017 00:00,"68, Rue Jouvence",Dijon,None,France,21000,9.9
21,9,07-02-2017 00:00,Sønder Boulevard 51,Copenhagen,None,Denmark,1720,8.91
22,35,08-02-2017 00:00,"Rua dos Campeões Europeus de Viena, 4350",Porto,None,Portugal,None,1.98
23,53,09-02-2017 00:00,113 Lupus St,London,None,United Kingdom,SW1V 3EN,9.9
24,4,10-02-2017 00:00,Ullevålsveien 14,Oslo,None,Norway,171,11.88
25,39,11-02-2017 00:00,"4, Rue Milton",Paris,None,France,75009,7.92
26,55,15-02-2017 00:00,421 Bourke Street,Sidney,NSW,Australia,2010,1.98
27,35,15-02-2017 00:00,"Rua dos Campeões Europeus de Viena, 4350",Porto,None,Portugal,None,7.92
28,12,17-02-2017 00:00,"Praça Pio X, 119",Rio de Janeiro,RJ,Brazil,20040-020,2.97
29,45,17-02-2017 00:00,Erzsébet krt. 58.,Budapest,None,Hungary,H-1073,5.94
30,46,18-02-2017 00:00,3 Chatham Street,Dublin,Dublin,Ireland,None,10.89
31,3,21-02-2017 00:00,1498 rue Bélanger,Montréal,QC,Canada,H2G 1A7,19.8
32,30,21-02-2017 00:00,230 Elgin Street,Ottawa,ON,Canada,K2P 1L7,12.87
33,58,21-02-2017 00:00,"12,Community Centre",Delhi,None,India,110017,3.96
34,33,23-02-2017 00:00,5112 48 Street,Yellowknife,NT,Canada,X1A 1N6,0.99
35,34,25-02-2017 00:00,Rua da Assunção 53,Lisbon,None,Portugal,None,4.95
36,51,27-02-2017 00:00,Celsiusg. 9,Stockholm,None,Sweden,11230,6.93
37,59,05-03-2017 00:00,"3,Raj Bhavan Road",Bangalore,None,India,560001,9.9
38,49,05-03-2017 00:00,Ordynacka 10,Warsaw,None,Poland,00-358,6.93
39,39,12-03-2017 00:00,"4, Rue Milton",Paris,None,France,75009,7.92
40,37,13-03-2017 00:00,Berger Straße 10,Frankfurt,None,Germany,60316,9.9
41,50,17-03-2017 00:00,C/ San Bernardo 85,Madrid,None,Spain,28015,7.92
42,19,18-03-2017 00:00,1 Infinite Loop,Cupertino,CA,USA,95014,8.91
43,22,19-03-2017 00:00,120 S Orange Ave,Orlando,FL,USA,32801,6.93
44,21,20-03-2017 00:00,801 W 4th Street,Reno,NV,USA,89503,11.88
45,36,24-03-2017 00:00,Tauentzienstraße 8,Berlin,None,Germany,10789,7.92
46,4,24-03-2017 00:00,Ullevålsveien 14,Oslo,None,Norway,171,10.89
47,57,25-03-2017 00:00,"Calle Lira, 198",Santiago,None,Chile,None,5.94
48,44,28-03-2017 00:00,Porthaninkatu 9,Helsinki,None,Finland,530,3.96
49,10,30-03-2017 00:00,"Rua Dr. Falcão Filho, 155",São Paulo,SP,Brazil,01007-010,4.95
50,18,02-04-2017 00:00,627 Broadway,New York,NY,USA,10012-2612,6.93
51,19,03-04-2017 00:00,1 Infinite Loop,Cupertino,CA,USA,95014,7.92
52,19,11-04-2017 00:00,1 Infinite Loop,Cupertino,CA,USA,95014,11.88
53,43,12-04-2017 00:00,"68, Rue Jouvence",Dijon,None,France,21000,2.97
54,26,13-04-2017 00:00,2211 W Berry Street,Fort Worth,TX,USA,76110,17.82
55,33,16-04-2017 00:00,5112 48 Street,Yellowknife,NT,Canada,X1A 1N6,9.9
56,34,22-04-2017 00:00,Rua da Assunção 53,Lisbon,None,Portugal,None,16.83
57,19,22-04-2017 00:00,1 Infinite Loop,Cupertino,CA,USA,95014,0.99
58,9,23-04-2017 00:00,Sønder Boulevard 51,Copenhagen,None,Denmark,1720,5.94
59,38,24-04-2017 00:00,Barbarossastraße 19,Berlin,None,Germany,10779,10.89
60,15,24-04-2017 00:00,700 W Pender Street,Vancouver,BC,Canada,V6C 1G8,7.92
61,59,24-04-2017 00:00,"3,Raj Bhavan Road",Bangalore,None,India,560001,11.88
62,9,25-04-2017 00:00,Sønder Boulevard 51,Copenhagen,None,Denmark,1720,2.97
63,31,25-04-2017 00:00,194A Chain Lake Drive,Halifax,NS,Canada,B3S 1C5,5.94
64,52,25-04-2017 00:00,202 Hoxton Street,London,None,United Kingdom,N1 5LH,12.87
65,47,26-04-2017 00:00,"Via Degli Scipioni, 43",Rome,RM,Italy,192,1.98
66,16,29-04-2017 00:00,1600 Amphitheatre Parkway,Mountain View,CA,USA,94043-1351,6.93
67,39,01-05-2017 00:00,"4, Rue Milton",Paris,None,France,75009,10.89
68,57,01-05-2017 00:00,"Calle Lira, 198",Santiago,None,Chile,None,10.89
69,2,09-05-2017 00:00,Theodor-Heuss-Straße 34,Stuttgart,None,Germany,70174,13.86
70,31,13-05-2017 00:00,194A Chain Lake Drive,Halifax,NS,Canada,B3S 1C5,0.99
71,3,17-05-2017 00:00,1498 rue Bélanger,Montréal,QC,Canada,H2G 1A7,16.83
72,47,18-05-2017 00:00,"Via Degli Scipioni, 43",Rome,RM,Italy,192,2.97
73,13,18-05-2017 00:00,Qe 7 Bloco G,Brasília,DF,Brazil,71020-677,14.85
74,26,18-05-2017 00:00,2211 W Berry Street,Fort Worth,TX,USA,76110,1.98
75,16,24-05-2017 00:00,1600 Amphitheatre Parkway,Mountain View,CA,USA,94043-1351,3.96
76,40,26-05-2017 00:00,"8, Rue Hanovre",Paris,None,France,75002,12.87
77,1,28-05-2017 00:00,"Av. Brigadeiro Faria Lima, 2170",São José dos Campos,SP,Brazil,12227-000,5.94
78,5,29-05-2017 00:00,Klanova 9/506,Prague,None,Czech Republic,14700,8.91
79,36,08-06-2017 00:00,Tauentzienstraße 8,Berlin,None,Germany,10789,13.86
80,13,08-06-2017 00:00,Qe 7 Bloco G,Brasília,DF,Brazil,71020-677,0.99
81,4,12-06-2017 00:00,Ullevålsveien 14,Oslo,None,Norway,171,5.94
82,58,13-06-2017 00:00,"12,Community Centre",Delhi,None,India,110017,6.93
83,22,15-06-2017 00:00,120 S Orange Ave,Orlando,FL,USA,32801,3.96
84,48,15-06-2017 00:00,Lijnbaansgracht 120bg,Amsterdam,VV,Netherlands,1016,11.88
85,33,17-06-2017 00:00,5112 48 Street,Yellowknife,NT,Canada,X1A 1N6,4.95
86,46,18-06-2017 00:00,3 Chatham Street,Dublin,Dublin,Ireland,None,0.99
87,30,20-06-2017 00:00,230 Elgin Street,Ottawa,ON,Canada,K2P 1L7,7.92
88,31,21-06-2017 00:00,194A Chain Lake Drive,Halifax,NS,Canada,B3S 1C5,4.95
89,21,23-06-2017 00:00,801 W 4th Street,Reno,NV,USA,89503,1.98
90,55,28-06-2017 00:00,421 Bourke Street,Sidney,NSW,Australia,2010,10.89
91,36,01-07-2017 00:00,Tauentzienstraße 8,Berlin,None,Germany,10789,10.89
92,32,02-07-2017 00:00,696 Osborne Street,Winnipeg,MB,Canada,R3L 2B9,19.8
93,42,05-07-2017 00:00,"9, Place Louis Barthou",Bordeaux,None,France,33000,9.9
94,51,08-07-2017 00:00,Celsiusg. 9,Stockholm,None,Sweden,11230,7.92
95,45,10-07-2017 00:00,Erzsébet krt. 58.,Budapest,None,Hungary,H-1073,10.89
96,53,17-07-2017 00:00,113 Lupus St,London,None,United Kingdom,SW1V 3EN,5.94
97,8,22-07-2017 00:00,Grétrystraat 63,Brussels,None,Belgium,1000,5.94
98,17,23-07-2017 00:00,1 Microsoft Way,Redmond,WA,USA,98052-8300,9.9
99,55,28-07-2017 00:00,421 Bourke Street,Sidney,NSW,Australia,2010,17.82
100,58,31-07-2017 00:00,"12,Community Centre",Delhi,None,India,110017,5.94
101,20,31-07-2017 00:00,541 Del Medio Avenue,Mountain View,CA,USA,94040-111,3.96
102,8,02-08-2017 00:00,Grétrystraat 63,Brussels,None,Belgium,1000,9.9
103,39,03-08-2017 00:00,"4, Rue Milton",Paris,None,France,75009,5.94
104,4,06-08-2017 00:00,Ullevålsveien 14,Oslo,None,Norway,171,1.98
105,31,12-08-2017 00:00,194A Chain Lake Drive,Halifax,NS,Canada,B3S 1C5,7.92
106,54,19-08-2017 00:00,110 Raeburn Pl,Edinburgh ,None,United Kingdom,EH4 1HH,7.92
107,32,21-08-2017 00:00,696 Osborne Street,Winnipeg,MB,Canada,R3L 2B9,10.89
108,30,27-08-2017 00:00,230 Elgin Street,Ottawa,ON,Canada,K2P 1L7,4.95
109,22,29-08-2017 00:00,120 S Orange Ave,Orlando,FL,USA,32801,10.89
110,15,29-08-2017 00:00,700 W Pender Street,Vancouver,BC,Canada,V6C 1G8,5.94
111,13,30-08-2017 00:00,Qe 7 Bloco G,Brasília,DF,Brazil,71020-677,4.95
112,6,31-08-2017 00:00,Rilská 3174/6,Prague,None,Czech Republic,14300,16.83
113,13,01-09-2017 00:00,Qe 7 Bloco G,Brasília,DF,Brazil,71020-677,9.9
114,12,05-09-2017 00:00,"Praça Pio X, 119",Rio de Janeiro,RJ,Brazil,20040-020,16.83
115,50,08-09-2017 00:00,C/ San Bernardo 85,Madrid,None,Spain,28015,8.91
116,6,08-09-2017 00:00,Rilská 3174/6,Prague,None,Czech Republic,14300,10.89
117,44,10-09-2017 00:00,Porthaninkatu 9,Helsinki,None,Finland,530,10.89
118,28,10-09-2017 00:00,302 S 700 E,Salt Lake City,UT,USA,84102,0.99
119,5,12-09-2017 00:00,Klanova 9/506,Prague,None,Czech Republic,14700,1.98
120,29,19-09-2017 00:00,796 Dundas Street West,Toronto,ON,Canada,M6J 1V1,5.94
121,59,20-09-2017 00:00,"3,Raj Bhavan Road",Bangalore,None,India,560001,8.91
122,9,21-09-2017 00:00,Sønder Boulevard 51,Copenhagen,None,Denmark,1720,4.95
123,7,23-09-2017 00:00,"Rotenturmstraße 4, 1010 Innere Stadt",Vienne,None,Austria,1010,11.88
124,8,25-09-2017 00:00,Grétrystraat 63,Brussels,None,Belgium,1000,5.94
125,3,29-09-2017 00:00,1498 rue Bélanger,Montréal,QC,Canada,H2G 1A7,9.9
126,32,07-10-2017 00:00,696 Osborne Street,Winnipeg,MB,Canada,R3L 2B9,3.96
127,35,08-10-2017 00:00,"Rua dos Campeões Europeus de Viena, 4350",Porto,None,Portugal,None,10.89
128,17,12-10-2017 00:00,1 Microsoft Way,Redmond,WA,USA,98052-8300,6.93
129,17,16-10-2017 00:00,1 Microsoft Way,Redmond,WA,USA,98052-8300,10.89
130,13,19-10-2017 00:00,Qe 7 Bloco G,Brasília,DF,Brazil,71020-677,3.96
131,2,21-10-2017 00:00,Theodor-Heuss-Straße 34,Stuttgart,None,Germany,70174,2.97
132,14,22-10-2017 00:00,8210 111 ST NW,Edmonton,AB,Canada,T6G 2C7,1.98
133,35,22-10-2017 00:00,"Rua dos Campeões Europeus de Viena, 4350",Porto,None,Portugal,None,9.9
134,2,23-10-2017 00:00,Theodor-Heuss-Straße 34,Stuttgart,None,Germany,70174,7.92
135,11,25-10-2017 00:00,"Av. Paulista, 2022",São Paulo,SP,Brazil,01310-200,2.97
136,33,29-10-2017 00:00,5112 48 Street,Yellowknife,NT,Canada,X1A 1N6,3.96
137,34,29-10-2017 00:00,Rua da Assunção 53,Lisbon,None,Portugal,None,1.98
138,33,30-10-2017 00:00,5112 48 Street,Yellowknife,NT,Canada,X1A 1N6,10.89
139,23,03-11-2017 00:00,69 Salem Street,Boston,MA,USA,2113,4.95
140,58,06-11-2017 00:00,"12,Community Centre",Delhi,None,India,110017,7.92
141,45,07-11-2017 00:00,Erzsébet krt. 58.,Budapest,None,Hungary,H-1073,17.82
142,15,10-11-2017 00:00,700 W Pender Street,Vancouver,BC,Canada,V6C 1G8,14.85
143,25,10-11-2017 00:00,319 N. Frances Street,Madison,WI,USA,53703,4.95
144,33,18-11-2017 00:00,5112 48 Street,Yellowknife,NT,Canada,X1A 1N6,2.97
145,28,22-11-2017 00:00,302 S 700 E,Salt Lake City,UT,USA,84102,4.95
146,58,22-11-2017 00:00,"12,Community Centre",Delhi,None,India,110017,12.87
147,19,28-11-2017 00:00,1 Infinite Loop,Cupertino,CA,USA,95014,4.95
148,42,30-11-2017 00:00,"9, Place Louis Barthou",Bordeaux,None,France,33000,8.91
149,1,30-11-2017 00:00,"Av. Brigadeiro Faria Lima, 2170",São José dos Campos,SP,Brazil,12227-000,8.91
150,22,01-12-2017 00:00,120 S Orange Ave,Orlando,FL,USA,32801,2.97
151,35,06-12-2017 00:00,"Rua dos Campeões Europeus de Viena, 4350",Porto,None,Portugal,None,2.97
152,12,12-12-2017 00:00,"Praça Pio X, 119",Rio de Janeiro,RJ,Brazil,20040-020,5.94
153,1,14-12-2017 00:00,"Av. Brigadeiro Faria Lima, 2170",São José dos Campos,SP,Brazil,12227-000,13.86
154,39,17-12-2017 00:00,"4, Rue Milton",Paris,None,France,75009,2.97
155,59,02-01-2018 00:00,"3,Raj Bhavan Road",Bangalore,None,India,560001,8.91
156,10,03-01-2018 00:00,"Rua Dr. Falcão Filho, 155",São Paulo,SP,Brazil,01007-010,10.89
157,57,04-01-2018 00:00,"Calle Lira, 198",Santiago,None,Chile,None,0.99
158,57,07-01-2018 00:00,"Calle Lira, 198",Santiago,None,Chile,None,5.94
159,20,08-01-2018 00:00,541 Del Medio Avenue,Mountain View,CA,USA,94040-111,5.94
160,41,09-01-2018 00:00,"11, Place Bellecour",Lyon,None,France,69002,8.91
161,24,13-01-2018 00:00,162 E Superior Street,Chicago,IL,USA,60611,7.92
162,2,15-01-2018 00:00,Theodor-Heuss-Straße 34,Stuttgart,None,Germany,70174,8.91
163,6,16-01-2018 00:00,Rilská 3174/6,Prague,None,Czech Republic,14300,8.91
164,49,20-01-2018 00:00,Ordynacka 10,Warsaw,None,Poland,00-358,3.96
165,41,21-01-2018 00:00,"11, Place Bellecour",Lyon,None,France,69002,7.92
166,17,21-01-2018 00:00,1 Microsoft Way,Redmond,WA,USA,98052-8300,9.9
167,21,25-01-2018 00:00,801 W 4th Street,Reno,NV,USA,89503,5.94
168,47,27-01-2018 00:00,"Via Degli Scipioni, 43",Rome,RM,Italy,192,5.94
169,21,28-01-2018 00:00,801 W 4th Street,Reno,NV,USA,89503,8.91
170,45,28-01-2018 00:00,Erzsébet krt. 58.,Budapest,None,Hungary,H-1073,9.9
171,53,30-01-2018 00:00,113 Lupus St,London,None,United Kingdom,SW1V 3EN,12.87
172,33,31-01-2018 00:00,5112 48 Street,Yellowknife,NT,Canada,X1A 1N6,7.92
173,5,31-01-2018 00:00,Klanova 9/506,Prague,None,Czech Republic,14700,10.89
174,48,31-01-2018 00:00,Lijnbaansgracht 120bg,Amsterdam,VV,Netherlands,1016,6.93
175,39,31-01-2018 00:00,"4, Rue Milton",Paris,None,France,75009,17.82
176,46,31-01-2018 00:00,3 Chatham Street,Dublin,Dublin,Ireland,None,6.93
177,47,01-02-2018 00:00,"Via Degli Scipioni, 43",Rome,RM,Italy,192,1.98
178,9,02-02-2018 00:00,Sønder Boulevard 51,Copenhagen,None,Denmark,1720,2.97
179,25,03-02-2018 00:00,319 N. Frances Street,Madison,WI,USA,53703,9.9
180,46,05-02-2018 00:00,3 Chatham Street,Dublin,Dublin,Ireland,None,9.9
181,45,06-02-2018 00:00,Erzsébet krt. 58.,Budapest,None,Hungary,H-1073,6.93
182,1,07-02-2018 00:00,"Av. Brigadeiro Faria Lima, 2170",São José dos Campos,SP,Brazil,12227-000,5.94
183,42,09-02-2018 00:00,"9, Place Louis Barthou",Bordeaux,None,France,33000,23.76
184,1,09-02-2018 00:00,"Av. Brigadeiro Faria Lima, 2170",São José dos Campos,SP,Brazil,12227-000,0.99
185,21,10-02-2018 00:00,801 W 4th Street,Reno,NV,USA,89503,8.91
186,11,10-02-2018 00:00,"Av. Paulista, 2022",São Paulo,SP,Brazil,01310-200,2.97
187,18,18-02-2018 00:00,627 Broadway,New York,NY,USA,10012-2612,6.93
188,13,20-02-2018 00:00,Qe 7 Bloco G,Brasília,DF,Brazil,71020-677,10.89
189,13,21-02-2018 00:00,Qe 7 Bloco G,Brasília,DF,Brazil,71020-677,3.96
190,51,21-02-2018 00:00,Celsiusg. 9,Stockholm,None,Sweden,11230,4.95
191,51,22-02-2018 00:00,Celsiusg. 9,Stockholm,None,Sweden,11230,3.96
192,28,25-02-2018 00:00,302 S 700 E,Salt Lake City,UT,USA,84102,8.91
193,41,26-02-2018 00:00,"11, Place Bellecour",Lyon,None,France,69002,1.98
194,34,27-02-2018 00:00,Rua da Assunção 53,Lisbon,None,Portugal,None,0.99
195,27,02-03-2018 00:00,1033 N Park Ave,Tucson,AZ,USA,85719,10.89
196,37,02-03-2018 00:00,Berger Straße 10,Frankfurt,None,Germany,60316,9.9
197,46,05-03-2018 00:00,3 Chatham Street,Dublin,Dublin,Ireland,None,10.89
198,13,05-03-2018 00:00,Qe 7 Bloco G,Brasília,DF,Brazil,71020-677,10.89
199,20,08-03-2018 00:00,541 Del Medio Avenue,Mountain View,CA,USA,94040-111,2.97
200,24,08-03-2018 00:00,162 E Superior Street,Chicago,IL,USA,60611,7.92
201,39,11-03-2018 00:00,"4, Rue Milton",Paris,None,France,75009,11.88
202,25,13-03-2018 00:00,319 N. Frances Street,Madison,WI,USA,53703,1.98
203,38,16-03-2018 00:00,Barbarossastraße 19,Berlin,None,Germany,10779,9.9
204,20,17-03-2018 00:00,541 Del Medio Avenue,Mountain View,CA,USA,94040-111,10.89
205,4,20-03-2018 00:00,Ullevålsveien 14,Oslo,None,Norway,171,9.9
206,11,21-03-2018 00:00,"Av. Paulista, 2022",São Paulo,SP,Brazil,01310-200,4.95
207,17,21-03-2018 00:00,1 Microsoft Way,Redmond,WA,USA,98052-8300,3.96
208,4,22-03-2018 00:00,Ullevålsveien 14,Oslo,None,Norway,171,5.94
209,27,25-03-2018 00:00,1033 N Park Ave,Tucson,AZ,USA,85719,3.96
210,2,25-03-2018 00:00,Theodor-Heuss-Straße 34,Stuttgart,None,Germany,70174,10.89
211,51,26-03-2018 00:00,Celsiusg. 9,Stockholm,None,Sweden,11230,8.91
212,45,31-03-2018 00:00,Erzsébet krt. 58.,Budapest,None,Hungary,H-1073,11.88
213,53,01-04-2018 00:00,113 Lupus St,London,None,United Kingdom,SW1V 3EN,10.89
214,57,03-04-2018 00:00,"Calle Lira, 198",Santiago,None,Chile,None,4.95
215,26,04-04-2018 00:00,2211 W Berry Street,Fort Worth,TX,USA,76110,1.98
216,49,14-04-2018 00:00,Ordynacka 10,Warsaw,None,Poland,00-358,4.95
217,27,17-04-2018 00:00,1033 N Park Ave,Tucson,AZ,USA,85719,9.9
218,56,19-04-2018 00:00,307 Macacha Güemes,Buenos Aires,None,Argentina,1106,8.91
219,20,21-04-2018 00:00,541 Del Medio Avenue,Mountain View,CA,USA,94040-111,2.97
220,59,25-04-2018 00:00,"3,Raj Bhavan Road",Bangalore,None,India,560001,8.91
221,35,25-04-2018 00:00,"Rua dos Campeões Europeus de Viena, 4350",Porto,None,Portugal,None,7.92
222,2,29-04-2018 00:00,Theodor-Heuss-Straße 34,Stuttgart,None,Germany,70174,1.98
223,1,04-05-2018 00:00,"Av. Brigadeiro Faria Lima, 2170",São José dos Campos,SP,Brazil,12227-000,17.82
224,34,06-05-2018 00:00,Rua da Assunção 53,Lisbon,None,Portugal,None,9.9
225,7,08-05-2018 00:00,"Rotenturmstraße 4, 1010 Innere Stadt",Vienne,None,Austria,1010,5.94
226,42,12-05-2018 00:00,"9, Place Louis Barthou",Bordeaux,None,France,33000,10.89
227,52,16-05-2018 00:00,202 Hoxton Street,London,None,United Kingdom,N1 5LH,9.9
228,57,16-05-2018 00:00,"Calle Lira, 198",Santiago,None,Chile,None,3.96
229,15,19-05-2018 00:00,700 W Pender Street,Vancouver,BC,Canada,V6C 1G8,2.97
230,54,21-05-2018 00:00,110 Raeburn Pl,Edinburgh ,None,United Kingdom,EH4 1HH,7.92
231,19,27-05-2018 00:00,1 Infinite Loop,Cupertino,CA,USA,95014,2.97
232,57,29-05-2018 00:00,"Calle Lira, 198",Santiago,None,Chile,None,3.96
233,14,01-06-2018 00:00,8210 111 ST NW,Edmonton,AB,Canada,T6G 2C7,5.94
234,36,01-06-2018 00:00,Tauentzienstraße 8,Berlin,None,Germany,10789,0.99
235,5,06-06-2018 00:00,Klanova 9/506,Prague,None,Czech Republic,14700,6.93
236,35,08-06-2018 00:00,"Rua dos Campeões Europeus de Viena, 4350",Porto,None,Portugal,None,2.97
237,52,13-06-2018 00:00,202 Hoxton Street,London,None,United Kingdom,N1 5LH,15.84
238,46,14-06-2018 00:00,3 Chatham Street,Dublin,Dublin,Ireland,None,9.9
239,38,16-06-2018 00:00,Barbarossastraße 19,Berlin,None,Germany,10779,15.84
240,10,17-06-2018 00:00,"Rua Dr. Falcão Filho, 155",São Paulo,SP,Brazil,01007-010,2.97
241,45,18-06-2018 00:00,Erzsébet krt. 58.,Budapest,None,Hungary,H-1073,1.98
242,36,18-06-2018 00:00,Tauentzienstraße 8,Berlin,None,Germany,10789,9.9
243,6,23-06-2018 00:00,Rilská 3174/6,Prague,None,Czech Republic,14300,10.89
244,53,23-06-2018 00:00,113 Lupus St,London,None,United Kingdom,SW1V 3EN,4.95
245,20,30-06-2018 00:00,541 Del Medio Avenue,Mountain View,CA,USA,94040-111,2.97
246,58,12-07-2018 00:00,"12,Community Centre",Delhi,None,India,110017,8.91
247,27,12-07-2018 00:00,1033 N Park Ave,Tucson,AZ,USA,85719,10.89
248,3,13-07-2018 00:00,1498 rue Bélanger,Montréal,QC,Canada,H2G 1A7,6.93
249,12,14-07-2018 00:00,"Praça Pio X, 119",Rio de Janeiro,RJ,Brazil,20040-020,1.98
250,23,20-07-2018 00:00,69 Salem Street,Boston,MA,USA,2113,10.89
251,7,20-07-2018 00:00,"Rotenturmstraße 4, 1010 Innere Stadt",Vienne,None,Austria,1010,6.93
252,44,25-07-2018 00:00,Porthaninkatu 9,Helsinki,None,Finland,530,7.92
253,8,29-07-2018 00:00,Grétrystraat 63,Brussels,None,Belgium,1000,11.88
254,57,30-07-2018 00:00,"Calle Lira, 198",Santiago,None,Chile,None,9.9
255,46,31-07-2018 00:00,3 Chatham Street,Dublin,Dublin,Ireland,None,3.96
256,13,31-07-2018 00:00,Qe 7 Bloco G,Brasília,DF,Brazil,71020-677,4.95
257,16,01-08-2018 00:00,1600 Amphitheatre Parkway,Mountain View,CA,USA,94043-1351,10.89
258,48,02-08-2018 00:00,Lijnbaansgracht 120bg,Amsterdam,VV,Netherlands,1016,0.99
259,38,03-08-2018 00:00,Barbarossastraße 19,Berlin,None,Germany,10779,6.93
260,10,04-08-2018 00:00,"Rua Dr. Falcão Filho, 155",São Paulo,SP,Brazil,01007-010,7.92
261,49,06-08-2018 00:00,Ordynacka 10,Warsaw,None,Poland,00-358,8.91
262,3,09-08-2018 00:00,1498 rue Bélanger,Montréal,QC,Canada,H2G 1A7,7.92
263,36,13-08-2018 00:00,Tauentzienstraße 8,Berlin,None,Germany,10789,4.95
264,38,15-08-2018 00:00,Barbarossastraße 19,Berlin,None,Germany,10779,0.99
265,52,18-08-2018 00:00,202 Hoxton Street,London,None,United Kingdom,N1 5LH,6.93
266,44,22-08-2018 00:00,Porthaninkatu 9,Helsinki,None,Finland,530,5.94
267,9,22-08-2018 00:00,Sønder Boulevard 51,Copenhagen,None,Denmark,1720,1.98
268,16,23-08-2018 00:00,1600 Amphitheatre Parkway,Mountain View,CA,USA,94043-1351,10.89
269,43,26-08-2018 00:00,"68, Rue Jouvence",Dijon,None,France,21000,0.99
270,1,27-08-2018 00:00,"Av. Brigadeiro Faria Lima, 2170",São José dos Campos,SP,Brazil,12227-000,10.89
271,47,30-08-2018 00:00,"Via Degli Scipioni, 43",Rome,RM,Italy,192,10.89
272,4,30-08-2018 00:00,Ullevålsveien 14,Oslo,None,Norway,171,8.91
273,37,02-09-2018 00:00,Berger Straße 10,Frankfurt,None,Germany,60316,16.83
274,26,04-09-2018 00:00,2211 W Berry Street,Fort Worth,TX,USA,76110,4.95
275,6,06-09-2018 00:00,Rilská 3174/6,Prague,None,Czech Republic,14300,7.92
276,22,07-09-2018 00:00,120 S Orange Ave,Orlando,FL,USA,32801,18.81
277,53,10-09-2018 00:00,113 Lupus St,London,None,United Kingdom,SW1V 3EN,4.95
278,22,23-09-2018 00:00,120 S Orange Ave,Orlando,FL,USA,32801,2.97
279,41,01-10-2018 00:00,"11, Place Bellecour",Lyon,None,France,69002,4.95
280,6,02-10-2018 00:00,Rilská 3174/6,Prague,None,Czech Republic,14300,10.89
281,50,06-10-2018 00:00,C/ San Bernardo 85,Madrid,None,Spain,28015,13.86
282,20,11-10-2018 00:00,541 Del Medio Avenue,Mountain View,CA,USA,94040-111,16.83
283,48,13-10-2018 00:00,Lijnbaansgracht 120bg,Amsterdam,VV,Netherlands,1016,8.91
284,49,16-10-2018 00:00,Ordynacka 10,Warsaw,None,Poland,00-358,10.89
285,58,25-10-2018 00:00,"12,Community Centre",Delhi,None,India,110017,9.9
286,27,25-10-2018 00:00,1033 N Park Ave,Tucson,AZ,USA,85719,1.98
287,23,04-11-2018 00:00,69 Salem Street,Boston,MA,USA,2113,1.98
288,17,04-11-2018 00:00,1 Microsoft Way,Redmond,WA,USA,98052-8300,10.89
289,16,06-11-2018 00:00,1600 Amphitheatre Parkway,Mountain View,CA,USA,94043-1351,6.93
290,17,18-11-2018 00:00,1 Microsoft Way,Redmond,WA,USA,98052-8300,4.95
291,35,19-11-2018 00:00,"Rua dos Campeões Europeus de Viena, 4350",Porto,None,Portugal,None,2.97
292,4,21-11-2018 00:00,Ullevålsveien 14,Oslo,None,Norway,171,9.9
293,14,29-11-2018 00:00,8210 111 ST NW,Edmonton,AB,Canada,T6G 2C7,4.95
294,58,02-12-2018 00:00,"12,Community Centre",Delhi,None,India,110017,10.89
295,33,03-12-2018 00:00,5112 48 Street,Yellowknife,NT,Canada,X1A 1N6,0.99
296,1,10-12-2018 00:00,"Av. Brigadeiro Faria Lima, 2170",São José dos Campos,SP,Brazil,12227-000,12.87
297,22,11-12-2018 00:00,120 S Orange Ave,Orlando,FL,USA,32801,2.97
298,12,13-12-2018 00:00,"Praça Pio X, 119",Rio de Janeiro,RJ,Brazil,20040-020,8.91
299,30,14-12-2018 00:00,230 Elgin Street,Ottawa,ON,Canada,K2P 1L7,5.94
300,25,15-12-2018 00:00,319 N. Frances Street,Madison,WI,USA,53703,11.88
301,34,15-12-2018 00:00,Rua da Assunção 53,Lisbon,None,Portugal,None,7.92
302,40,18-12-2018 00:00,"8, Rue Hanovre",Paris,None,France,75002,3.96
303,28,21-12-2018 00:00,302 S 700 E,Salt Lake City,UT,USA,84102,9.9
304,56,23-12-2018 00:00,307 Macacha Güemes,Buenos Aires,None,Argentina,1106,6.93
305,40,26-12-2018 00:00,"8, Rue Hanovre",Paris,None,France,75002,14.85
306,8,01-01-2019 00:00,Grétrystraat 63,Brussels,None,Belgium,1000,10.89
307,26,05-01-2019 00:00,2211 W Berry Street,Fort Worth,TX,USA,76110,9.9
308,37,06-01-2019 00:00,Berger Straße 10,Frankfurt,None,Germany,60316,10.89
309,36,14-01-2019 00:00,Tauentzienstraße 8,Berlin,None,Germany,10789,8.91
310,22,16-01-2019 00:00,120 S Orange Ave,Orlando,FL,USA,32801,8.91
311,8,18-01-2019 00:00,Grétrystraat 63,Brussels,None,Belgium,1000,5.94
312,42,21-01-2019 00:00,"9, Place Louis Barthou",Bordeaux,None,France,33000,9.9
313,30,24-01-2019 00:00,230 Elgin Street,Ottawa,ON,Canada,K2P 1L7,4.95
314,43,29-01-2019 00:00,"68, Rue Jouvence",Dijon,None,France,21000,9.9
315,10,30-01-2019 00:00,"Rua Dr. Falcão Filho, 155",São Paulo,SP,Brazil,01007-010,4.95
316,11,03-02-2019 00:00,"Av. Paulista, 2022",São Paulo,SP,Brazil,01310-200,1.98
317,40,14-02-2019 00:00,"8, Rue Hanovre",Paris,None,France,75002,11.88
318,43,19-02-2019 00:00,"68, Rue Jouvence",Dijon,None,France,21000,7.92
319,50,20-02-2019 00:00,C/ San Bernardo 85,Madrid,None,Spain,28015,9.9
320,58,22-02-2019 00:00,"12,Community Centre",Delhi,None,India,110017,16.83
321,14,23-02-2019 00:00,8210 111 ST NW,Edmonton,AB,Canada,T6G 2C7,0.99
322,21,24-02-2019 00:00,801 W 4th Street,Reno,NV,USA,89503,9.9
323,23,03-03-2019 00:00,69 Salem Street,Boston,MA,USA,2113,7.92
324,57,03-03-2019 00:00,"Calle Lira, 198",Santiago,None,Chile,None,4.95
325,33,04-03-2019 00:00,5112 48 Street,Yellowknife,NT,Canada,X1A 1N6,9.9
326,52,04-03-2019 00:00,202 Hoxton Street,London,None,United Kingdom,N1 5LH,8.91
327,49,05-03-2019 00:00,Ordynacka 10,Warsaw,None,Poland,00-358,8.91
328,10,08-03-2019 00:00,"Rua Dr. Falcão Filho, 155",São Paulo,SP,Brazil,01007-010,3.96
329,9,09-03-2019 00:00,Sønder Boulevard 51,Copenhagen,None,Denmark,1720,0.99
330,22,13-03-2019 00:00,120 S Orange Ave,Orlando,FL,USA,32801,12.87
331,25,15-03-2019 00:00,319 N. Frances Street,Madison,WI,USA,53703,5.94
332,29,15-03-2019 00:00,796 Dundas Street West,Toronto,ON,Canada,M6J 1V1,9.9
333,12,21-03-2019 00:00,"Praça Pio X, 119",Rio de Janeiro,RJ,Brazil,20040-020,5.94
334,53,21-03-2019 00:00,113 Lupus St,London,None,United Kingdom,SW1V 3EN,14.85
335,57,23-03-2019 00:00,"Calle Lira, 198",Santiago,None,Chile,None,14.85
336,6,31-03-2019 00:00,Rilská 3174/6,Prague,None,Czech Republic,14300,15.84
337,7,03-04-2019 00:00,"Rotenturmstraße 4, 1010 Innere Stadt",Vienne,None,Austria,1010,9.9
338,58,03-04-2019 00:00,"12,Community Centre",Delhi,None,India,110017,4.95
339,36,07-04-2019 00:00,Tauentzienstraße 8,Berlin,None,Germany,10789,7.92
340,48,08-04-2019 00:00,Lijnbaansgracht 120bg,Amsterdam,VV,Netherlands,1016,2.97
341,5,09-04-2019 00:00,Klanova 9/506,Prague,None,Czech Republic,14700,11.88
342,3,13-04-2019 00:00,1498 rue Bélanger,Montréal,QC,Canada,H2G 1A7,2.97
343,2,13-04-2019 00:00,Theodor-Heuss-Straße 34,Stuttgart,None,Germany,70174,5.94
344,3,15-04-2019 00:00,1498 rue Bélanger,Montréal,QC,Canada,H2G 1A7,16.83
345,50,16-04-2019 00:00,C/ San Bernardo 85,Madrid,None,Spain,28015,9.9
346,40,17-04-2019 00:00,"8, Rue Hanovre",Paris,None,France,75002,5.94
347,44,17-04-2019 00:00,Porthaninkatu 9,Helsinki,None,Finland,530,3.96
348,35,18-04-2019 00:00,"Rua dos Campeões Europeus de Viena, 4350",Porto,None,Portugal,None,8.91
349,37,21-04-2019 00:00,Berger Straße 10,Frankfurt,None,Germany,60316,0.99
350,44,21-04-2019 00:00,Porthaninkatu 9,Helsinki,None,Finland,530,2.97
351,57,23-04-2019 00:00,"Calle Lira, 198",Santiago,None,Chile,None,9.9
352,10,23-04-2019 00:00,"Rua Dr. Falcão Filho, 155",São Paulo,SP,Brazil,01007-010,0.99
353,28,28-04-2019 00:00,302 S 700 E,Salt Lake City,UT,USA,84102,9.9
354,9,02-05-2019 00:00,Sønder Boulevard 51,Copenhagen,None,Denmark,1720,4.95
355,43,04-05-2019 00:00,"68, Rue Jouvence",Dijon,None,France,21000,6.93
356,55,04-05-2019 00:00,421 Bourke Street,Sidney,NSW,Australia,2010,6.93
357,13,08-05-2019 00:00,Qe 7 Bloco G,Brasília,DF,Brazil,71020-677,2.97
358,19,12-05-2019 00:00,1 Infinite Loop,Cupertino,CA,USA,95014,6.93
359,43,12-05-2019 00:00,"68, Rue Jouvence",Dijon,None,France,21000,8.91
360,45,15-05-2019 00:00,Erzsébet krt. 58.,Budapest,None,Hungary,H-1073,3.96
361,5,18-05-2019 00:00,Klanova 9/506,Prague,None,Czech Republic,14700,1.98
362,29,24-05-2019 00:00,796 Dundas Street West,Toronto,ON,Canada,M6J 1V1,19.8
363,38,24-05-2019 00:00,Barbarossastraße 19,Berlin,None,Germany,10779,2.97
364,26,26-05-2019 00:00,2211 W Berry Street,Fort Worth,TX,USA,76110,5.94
365,28,27-05-2019 00:00,302 S 700 E,Salt Lake City,UT,USA,84102,3.96
366,26,27-05-2019 00:00,2211 W Berry Street,Fort Worth,TX,USA,76110,8.91
367,40,29-05-2019 00:00,"8, Rue Hanovre",Paris,None,France,75002,7.92
368,35,30-05-2019 00:00,"Rua dos Campeões Europeus de Viena, 4350",Porto,None,Portugal,None,1.98
369,50,31-05-2019 00:00,C/ San Bernardo 85,Madrid,None,Spain,28015,9.9
370,14,01-06-2019 00:00,8210 111 ST NW,Edmonton,AB,Canada,T6G 2C7,8.91
371,14,01-06-2019 00:00,8210 111 ST NW,Edmonton,AB,Canada,T6G 2C7,0.99
372,18,01-06-2019 00:00,627 Broadway,New York,NY,USA,10012-2612,13.86
373,39,01-06-2019 00:00,"4, Rue Milton",Paris,None,France,75009,3.96
374,43,03-06-2019 00:00,"68, Rue Jouvence",Dijon,None,France,21000,5.94
375,35,05-06-2019 00:00,"Rua dos Campeões Europeus de Viena, 4350",Porto,None,Portugal,None,8.91
376,5,06-06-2019 00:00,Klanova 9/506,Prague,None,Czech Republic,14700,3.96
377,28,09-06-2019 00:00,302 S 700 E,Salt Lake City,UT,USA,84102,2.97
378,48,13-06-2019 00:00,Lijnbaansgracht 120bg,Amsterdam,VV,Netherlands,1016,3.96
379,54,13-06-2019 00:00,110 Raeburn Pl,Edinburgh ,None,United Kingdom,EH4 1HH,11.88
380,56,14-06-2019 00:00,307 Macacha Güemes,Buenos Aires,None,Argentina,1106,9.9
381,56,21-06-2019 00:00,307 Macacha Güemes,Buenos Aires,None,Argentina,1106,12.87
382,48,22-06-2019 00:00,Lijnbaansgracht 120bg,Amsterdam,VV,Netherlands,1016,3.96
383,23,03-07-2019 00:00,69 Salem Street,Boston,MA,USA,2113,9.9
384,50,10-07-2019 00:00,C/ San Bernardo 85,Madrid,None,Spain,28015,10.89
385,42,11-07-2019 00:00,"9, Place Louis Barthou",Bordeaux,None,France,33000,6.93
386,26,12-07-2019 00:00,2211 W Berry Street,Fort Worth,TX,USA,76110,4.95
387,6,15-07-2019 00:00,Rilská 3174/6,Prague,None,Czech Republic,14300,5.94
388,5,16-07-2019 00:00,Klanova 9/506,Prague,None,Czech Republic,14700,9.9
389,16,18-07-2019 00:00,1600 Amphitheatre Parkway,Mountain View,CA,USA,94043-1351,16.83
390,34,19-07-2019 00:00,Rua da Assunção 53,Lisbon,None,Portugal,None,2.97
391,30,20-07-2019 00:00,230 Elgin Street,Ottawa,ON,Canada,K2P 1L7,3.96
392,11,24-07-2019 00:00,"Av. Paulista, 2022",São Paulo,SP,Brazil,01310-200,7.92
393,17,25-07-2019 00:00,1 Microsoft Way,Redmond,WA,USA,98052-8300,10.89
394,31,27-07-2019 00:00,194A Chain Lake Drive,Halifax,NS,Canada,B3S 1C5,7.92
395,24,28-07-2019 00:00,162 E Superior Street,Chicago,IL,USA,60611,9.9
396,42,29-07-2019 00:00,"9, Place Louis Barthou",Bordeaux,None,France,33000,8.91
397,36,31-07-2019 00:00,Tauentzienstraße 8,Berlin,None,Germany,10789,6.93
398,51,03-08-2019 00:00,Celsiusg. 9,Stockholm,None,Sweden,11230,16.83
399,51,03-08-2019 00:00,Celsiusg. 9,Stockholm,None,Sweden,11230,11.88
400,36,06-08-2019 00:00,Tauentzienstraße 8,Berlin,None,Germany,10789,3.96
401,46,06-08-2019 00:00,3 Chatham Street,Dublin,Dublin,Ireland,None,9.9
402,54,09-08-2019 00:00,110 Raeburn Pl,Edinburgh ,None,United Kingdom,EH4 1HH,8.91
403,54,10-08-2019 00:00,110 Raeburn Pl,Edinburgh ,None,United Kingdom,EH4 1HH,8.91
404,31,13-08-2019 00:00,194A Chain Lake Drive,Halifax,NS,Canada,B3S 1C5,13.86
405,6,14-08-2019 00:00,Rilská 3174/6,Prague,None,Czech Republic,14300,7.92
406,10,15-08-2019 00:00,"Rua Dr. Falcão Filho, 155",São Paulo,SP,Brazil,01007-010,1.98
407,57,19-08-2019 00:00,"Calle Lira, 198",Santiago,None,Chile,None,9.9
408,34,20-08-2019 00:00,Rua da Assunção 53,Lisbon,None,Portugal,None,5.94
409,48,24-08-2019 00:00,Lijnbaansgracht 120bg,Amsterdam,VV,Netherlands,1016,10.89
410,7,27-08-2019 00:00,"Rotenturmstraße 4, 1010 Innere Stadt",Vienne,None,Austria,1010,3.96
411,9,27-08-2019 00:00,Sønder Boulevard 51,Copenhagen,None,Denmark,1720,1.98
412,12,28-08-2019 00:00,"Praça Pio X, 119",Rio de Janeiro,RJ,Brazil,20040-020,7.92
413,47,28-08-2019 00:00,"Via Degli Scipioni, 43",Rome,RM,Italy,192,14.85
414,54,30-08-2019 00:00,110 Raeburn Pl,Edinburgh ,None,United Kingdom,EH4 1HH,9.9
415,54,31-08-2019 00:00,110 Raeburn Pl,Edinburgh ,None,United Kingdom,EH4 1HH,8.91
416,5,31-08-2019 00:00,Klanova 9/506,Prague,None,Czech Republic,14700,0.99
417,24,01-09-2019 00:00,162 E Superior Street,Chicago,IL,USA,60611,9.9
418,50,01-09-2019 00:00,C/ San Bernardo 85,Madrid,None,Spain,28015,0.99
419,3,02-09-2019 00:00,1498 rue Bélanger,Montréal,QC,Canada,H2G 1A7,9.9
420,20,05-09-2019 00:00,541 Del Medio Avenue,Mountain View,CA,USA,94040-111,9.9
421,48,05-09-2019 00:00,Lijnbaansgracht 120bg,Amsterdam,VV,Netherlands,1016,7.92
422,53,07-09-2019 00:00,113 Lupus St,London,None,United Kingdom,SW1V 3EN,6.93
423,21,07-09-2019 00:00,801 W 4th Street,Reno,NV,USA,89503,10.89
424,35,09-09-2019 00:00,"Rua dos Campeões Europeus de Viena, 4350",Porto,None,Portugal,None,1.98
425,14,13-09-2019 00:00,8210 111 ST NW,Edmonton,AB,Canada,T6G 2C7,0.99
426,37,14-09-2019 00:00,Berger Straße 10,Frankfurt,None,Germany,60316,4.95
427,55,14-09-2019 00:00,421 Bourke Street,Sidney,NSW,Australia,2010,14.85
428,43,17-09-2019 00:00,"68, Rue Jouvence",Dijon,None,France,21000,3.96
429,5,17-09-2019 00:00,Klanova 9/506,Prague,None,Czech Republic,14700,10.89
430,55,20-09-2019 00:00,421 Bourke Street,Sidney,NSW,Australia,2010,1.98
431,8,21-09-2019 00:00,Grétrystraat 63,Brussels,None,Belgium,1000,9.9
432,32,23-09-2019 00:00,696 Osborne Street,Winnipeg,MB,Canada,R3L 2B9,1.98
433,33,24-09-2019 00:00,5112 48 Street,Yellowknife,NT,Canada,X1A 1N6,2.97
434,26,27-09-2019 00:00,2211 W Berry Street,Fort Worth,TX,USA,76110,9.9
435,38,28-09-2019 00:00,Barbarossastraße 19,Berlin,None,Germany,10779,5.94
436,17,02-10-2019 00:00,1 Microsoft Way,Redmond,WA,USA,98052-8300,5.94
437,54,02-10-2019 00:00,110 Raeburn Pl,Edinburgh ,None,United Kingdom,EH4 1HH,9.9
438,23,04-10-2019 00:00,69 Salem Street,Boston,MA,USA,2113,10.89
439,11,08-10-2019 00:00,"Av. Paulista, 2022",São Paulo,SP,Brazil,01310-200,6.93
440,45,08-10-2019 00:00,Erzsébet krt. 58.,Budapest,None,Hungary,H-1073,2.97
441,44,26-10-2019 00:00,Porthaninkatu 9,Helsinki,None,Finland,530,6.93
442,1,05-11-2019 00:00,"Av. Brigadeiro Faria Lima, 2170",São José dos Campos,SP,Brazil,12227-000,3.96
443,20,07-11-2019 00:00,541 Del Medio Avenue,Mountain View,CA,USA,94040-111,7.92
444,52,08-11-2019 00:00,202 Hoxton Street,London,None,United Kingdom,N1 5LH,8.91
445,40,11-11-2019 00:00,"8, Rue Hanovre",Paris,None,France,75002,3.96
446,49,19-11-2019 00:00,Ordynacka 10,Warsaw,None,Poland,00-358,8.91
447,12,23-11-2019 00:00,"Praça Pio X, 119",Rio de Janeiro,RJ,Brazil,20040-020,10.89
448,18,27-11-2019 00:00,627 Broadway,New York,NY,USA,10012-2612,9.9
449,34,27-11-2019 00:00,Rua da Assunção 53,Lisbon,None,Portugal,None,16.83
450,55,04-12-2019 00:00,421 Bourke Street,Sidney,NSW,Australia,2010,6.93
451,46,13-12-2019 00:00,3 Chatham Street,Dublin,Dublin,Ireland,None,0.99
452,47,18-12-2019 00:00,"Via Degli Scipioni, 43",Rome,RM,Italy,192,7.92
453,31,19-12-2019 00:00,194A Chain Lake Drive,Halifax,NS,Canada,B3S 1C5,4.95
454,46,21-12-2019 00:00,3 Chatham Street,Dublin,Dublin,Ireland,None,14.85
455,28,24-12-2019 00:00,302 S 700 E,Salt Lake City,UT,USA,84102,4.95
456,13,24-12-2019 00:00,Qe 7 Bloco G,Brasília,DF,Brazil,71020-677,9.9
457,37,25-12-2019 00:00,Berger Straße 10,Frankfurt,None,Germany,60316,14.85
458,42,26-12-2019 00:00,"9, Place Louis Barthou",Bordeaux,None,France,33000,0.99
459,50,26-12-2019 00:00,C/ San Bernardo 85,Madrid,None,Spain,28015,1.98
460,20,28-12-2019 00:00,541 Del Medio Avenue,Mountain View,CA,USA,94040-111,10.89
461,11,29-12-2019 00:00,"Av. Paulista, 2022",São Paulo,SP,Brazil,01310-200,7.92
462,7,29-12-2019 00:00,"Rotenturmstraße 4, 1010 Innere Stadt",Vienne,None,Austria,1010,8.91
463,34,30-12-2019 00:00,Rua da Assunção 53,Lisbon,None,Portugal,None,11.88
464,1,31-12-2019 00:00,"Av. Brigadeiro Faria Lima, 2170",São José dos Campos,SP,Brazil,12227-000,3.96
465,21,12-01-2020 00:00,801 W 4th Street,Reno,NV,USA,89503,6.93
466,30,19-01-2020 00:00,230 Elgin Street,Ottawa,ON,Canada,K2P 1L7,3.96
467,5,20-01-2020 00:00,Klanova 9/506,Prague,None,Czech Republic,14700,9.9
468,25,22-01-2020 00:00,319 N. Frances Street,Madison,WI,USA,53703,15.84
469,14,28-01-2020 00:00,8210 111 ST NW,Edmonton,AB,Canada,T6G 2C7,0.99
470,9,29-01-2020 00:00,Sønder Boulevard 51,Copenhagen,None,Denmark,1720,1.98
471,35,30-01-2020 00:00,"Rua dos Campeões Europeus de Viena, 4350",Porto,None,Portugal,None,0.99
472,7,31-01-2020 00:00,"Rotenturmstraße 4, 1010 Innere Stadt",Vienne,None,Austria,1010,2.97
473,58,02-02-2020 00:00,"12,Community Centre",Delhi,None,India,110017,3.96
474,4,04-02-2020 00:00,Ullevålsveien 14,Oslo,None,Norway,171,6.93
475,11,06-02-2020 00:00,"Av. Paulista, 2022",São Paulo,SP,Brazil,01310-200,7.92
476,6,11-02-2020 00:00,Rilská 3174/6,Prague,None,Czech Republic,14300,10.89
477,5,15-02-2020 00:00,Klanova 9/506,Prague,None,Czech Republic,14700,6.93
478,28,21-02-2020 00:00,302 S 700 E,Salt Lake City,UT,USA,84102,16.83
479,46,21-02-2020 00:00,3 Chatham Street,Dublin,Dublin,Ireland,None,16.83
480,44,22-02-2020 00:00,Porthaninkatu 9,Helsinki,None,Finland,530,9.9
481,43,25-02-2020 00:00,"68, Rue Jouvence",Dijon,None,France,21000,3.96
482,10,26-02-2020 00:00,"Rua Dr. Falcão Filho, 155",São Paulo,SP,Brazil,01007-010,7.92
483,15,29-02-2020 00:00,700 W Pender Street,Vancouver,BC,Canada,V6C 1G8,4.95
484,47,02-03-2020 00:00,"Via Degli Scipioni, 43",Rome,RM,Italy,192,2.97
485,37,05-03-2020 00:00,Berger Straße 10,Frankfurt,None,Germany,60316,9.9
486,18,05-03-2020 00:00,627 Broadway,New York,NY,USA,10012-2612,8.91
487,27,11-03-2020 00:00,1033 N Park Ave,Tucson,AZ,USA,85719,9.9
488,7,13-03-2020 00:00,"Rotenturmstraße 4, 1010 Innere Stadt",Vienne,None,Austria,1010,13.86
489,43,14-03-2020 00:00,"68, Rue Jouvence",Dijon,None,France,21000,2.97
490,19,14-03-2020 00:00,1 Infinite Loop,Cupertino,CA,USA,95014,8.91
491,51,24-03-2020 00:00,Celsiusg. 9,Stockholm,None,Sweden,11230,1.98
492,54,25-03-2020 00:00,110 Raeburn Pl,Edinburgh ,None,United Kingdom,EH4 1HH,4.95
493,41,26-03-2020 00:00,"11, Place Bellecour",Lyon,None,France,69002,3.96
494,26,31-03-2020 00:00,2211 W Berry Street,Fort Worth,TX,USA,76110,9.9
495,10,01-04-2020 00:00,"Rua Dr. Falcão Filho, 155",São Paulo,SP,Brazil,01007-010,0.99
496,21,01-04-2020 00:00,801 W 4th Street,Reno,NV,USA,89503,7.92
497,34,01-04-2020 00:00,Rua da Assunção 53,Lisbon,None,Portugal,None,6.93
498,13,02-04-2020 00:00,Qe 7 Bloco G,Brasília,DF,Brazil,71020-677,3.96
499,17,03-04-2020 00:00,1 Microsoft Way,Redmond,WA,USA,98052-8300,9.9
500,36,07-04-2020 00:00,Tauentzienstraße 8,Berlin,None,Germany,10789,8.91
501,11,09-04-2020 00:00,"Av. Paulista, 2022",São Paulo,SP,Brazil,01310-200,12.87
502,53,10-04-2020 00:00,113 Lupus St,London,None,United Kingdom,SW1V 3EN,3.96
503,39,11-04-2020 00:00,"4, Rue Milton",Paris,None,France,75009,9.9
504,6,12-04-2020 00:00,Rilská 3174/6,Prague,None,Czech Republic,14300,10.89
505,19,14-04-2020 00:00,1 Infinite Loop,Cupertino,CA,USA,95014,0.99
506,58,14-04-2020 00:00,"12,Community Centre",Delhi,None,India,110017,15.84
507,2,20-04-2020 00:00,Theodor-Heuss-Straße 34,Stuttgart,None,Germany,70174,0.99
508,38,22-04-2020 00:00,Barbarossastraße 19,Berlin,None,Germany,10779,8.91
509,48,27-04-2020 00:00,Lijnbaansgracht 120bg,Amsterdam,VV,Netherlands,1016,6.93
510,25,28-04-2020 00:00,319 N. Frances Street,Madison,WI,USA,53703,9.9
511,24,01-05-2020 00:00,162 E Superior Street,Chicago,IL,USA,60611,6.93
512,43,02-05-2020 00:00,"68, Rue Jouvence",Dijon,None,France,21000,8.91
513,41,03-05-2020 00:00,"11, Place Bellecour",Lyon,None,France,69002,10.89
514,25,14-05-2020 00:00,319 N. Frances Street,Madison,WI,USA,53703,2.97
515,23,15-05-2020 00:00,69 Salem Street,Boston,MA,USA,2113,2.97
516,23,16-05-2020 00:00,69 Salem Street,Boston,MA,USA,2113,1.98
517,3,16-05-2020 00:00,1498 rue Bélanger,Montréal,QC,Canada,H2G 1A7,8.91
518,22,22-05-2020 00:00,120 S Orange Ave,Orlando,FL,USA,32801,1.98
519,32,22-05-2020 00:00,696 Osborne Street,Winnipeg,MB,Canada,R3L 2B9,6.93
520,5,26-05-2020 00:00,Klanova 9/506,Prague,None,Czech Republic,14700,9.9
521,13,27-05-2020 00:00,Qe 7 Bloco G,Brasília,DF,Brazil,71020-677,3.96
522,22,27-05-2020 00:00,120 S Orange Ave,Orlando,FL,USA,32801,7.92
523,50,29-05-2020 00:00,C/ San Bernardo 85,Madrid,None,Spain,28015,7.92
524,41,01-06-2020 00:00,"11, Place Bellecour",Lyon,None,France,69002,4.95
525,30,02-06-2020 00:00,230 Elgin Street,Ottawa,ON,Canada,K2P 1L7,9.9
526,5,08-06-2020 00:00,Klanova 9/506,Prague,None,Czech Republic,14700,19.8
527,57,09-06-2020 00:00,"Calle Lira, 198",Santiago,None,Chile,None,10.89
528,50,10-06-2020 00:00,C/ San Bernardo 85,Madrid,None,Spain,28015,15.84
529,24,12-06-2020 00:00,162 E Superior Street,Chicago,IL,USA,60611,13.86
530,14,22-06-2020 00:00,8210 111 ST NW,Edmonton,AB,Canada,T6G 2C7,0.99
531,44,22-06-2020 00:00,Porthaninkatu 9,Helsinki,None,Finland,530,11.88
532,13,23-06-2020 00:00,Qe 7 Bloco G,Brasília,DF,Brazil,71020-677,13.86
533,11,24-06-2020 00:00,"Av. Paulista, 2022",São Paulo,SP,Brazil,01310-200,12.87
534,10,25-06-2020 00:00,"Rua Dr. Falcão Filho, 155",São Paulo,SP,Brazil,01007-010,5.94
535,56,05-07-2020 00:00,307 Macacha Güemes,Buenos Aires,None,Argentina,1106,0.99
536,1,06-07-2020 00:00,"Av. Brigadeiro Faria Lima, 2170",São José dos Campos,SP,Brazil,12227-000,5.94
537,12,07-07-2020 00:00,"Praça Pio X, 119",Rio de Janeiro,RJ,Brazil,20040-020,7.92
538,31,10-07-2020 00:00,194A Chain Lake Drive,Halifax,NS,Canada,B3S 1C5,8.91
539,46,12-07-2020 00:00,3 Chatham Street,Dublin,Dublin,Ireland,None,0.99
540,37,12-07-2020 00:00,Berger Straße 10,Frankfurt,None,Germany,60316,10.89
541,58,15-07-2020 00:00,"12,Community Centre",Delhi,None,India,110017,2.97
542,34,18-07-2020 00:00,Rua da Assunção 53,Lisbon,None,Portugal,None,10.89
543,17,23-07-2020 00:00,1 Microsoft Way,Redmond,WA,USA,98052-8300,2.97
544,1,24-07-2020 00:00,"Av. Brigadeiro Faria Lima, 2170",São José dos Campos,SP,Brazil,12227-000,8.91
545,33,26-07-2020 00:00,5112 48 Street,Yellowknife,NT,Canada,X1A 1N6,7.92
546,32,30-07-2020 00:00,696 Osborne Street,Winnipeg,MB,Canada,R3L 2B9,6.93
547,41,01-08-2020 00:00,"11, Place Bellecour",Lyon,None,France,69002,9.9
548,30,02-08-2020 00:00,230 Elgin Street,Ottawa,ON,Canada,K2P 1L7,10.89
549,2,10-08-2020 00:00,Theodor-Heuss-Straße 34,Stuttgart,None,Germany,70174,10.89
550,42,12-08-2020 00:00,"9, Place Louis Barthou",Bordeaux,None,France,33000,9.9
551,16,18-08-2020 00:00,1600 Amphitheatre Parkway,Mountain View,CA,USA,94043-1351,10.89
552,30,19-08-2020 00:00,230 Elgin Street,Ottawa,ON,Canada,K2P 1L7,5.94
553,7,26-08-2020 00:00,"Rotenturmstraße 4, 1010 Innere Stadt",Vienne,None,Austria,1010,4.95
554,30,27-08-2020 00:00,230 Elgin Street,Ottawa,ON,Canada,K2P 1L7,8.91
555,55,04-09-2020 00:00,421 Bourke Street,Sidney,NSW,Australia,2010,1.98
556,21,04-09-2020 00:00,801 W 4th Street,Reno,NV,USA,89503,10.89
557,2,08-09-2020 00:00,Theodor-Heuss-Straße 34,Stuttgart,None,Germany,70174,9.9
558,17,11-09-2020 00:00,1 Microsoft Way,Redmond,WA,USA,98052-8300,10.89
559,32,11-09-2020 00:00,696 Osborne Street,Winnipeg,MB,Canada,R3L 2B9,5.94
560,5,11-09-2020 00:00,Klanova 9/506,Prague,None,Czech Republic,14700,8.91
561,23,12-09-2020 00:00,69 Salem Street,Boston,MA,USA,2113,6.93
562,27,17-09-2020 00:00,1033 N Park Ave,Tucson,AZ,USA,85719,8.91
563,5,19-09-2020 00:00,Klanova 9/506,Prague,None,Czech Republic,14700,1.98
564,15,20-09-2020 00:00,700 W Pender Street,Vancouver,BC,Canada,V6C 1G8,5.94
565,53,23-09-2020 00:00,113 Lupus St,London,None,United Kingdom,SW1V 3EN,9.9
566,37,27-09-2020 00:00,Berger Straße 10,Frankfurt,None,Germany,60316,4.95
567,15,27-09-2020 00:00,700 W Pender Street,Vancouver,BC,Canada,V6C 1G8,7.92
568,35,01-10-2020 00:00,"Rua dos Campeões Europeus de Viena, 4350",Porto,None,Portugal,None,6.93
569,47,06-10-2020 00:00,"Via Degli Scipioni, 43",Rome,RM,Italy,192,0.99
570,52,07-10-2020 00:00,202 Hoxton Street,London,None,United Kingdom,N1 5LH,2.97
571,51,09-10-2020 00:00,Celsiusg. 9,Stockholm,None,Sweden,11230,2.97
572,34,13-10-2020 00:00,Rua da Assunção 53,Lisbon,None,Portugal,None,4.95
573,27,16-10-2020 00:00,1033 N Park Ave,Tucson,AZ,USA,85719,10.89
574,49,17-10-2020 00:00,Ordynacka 10,Warsaw,None,Poland,00-358,10.89
575,15,19-10-2020 00:00,700 W Pender Street,Vancouver,BC,Canada,V6C 1G8,3.96
576,45,19-10-2020 00:00,Erzsébet krt. 58.,Budapest,None,Hungary,H-1073,5.94
577,28,20-10-2020 00:00,302 S 700 E,Salt Lake City,UT,USA,84102,8.91
578,25,21-10-2020 00:00,319 N. Frances Street,Madison,WI,USA,53703,11.88
579,6,23-10-2020 00:00,Rilská 3174/6,Prague,None,Czech Republic,14300,10.89
580,24,25-10-2020 00:00,162 E Superior Street,Chicago,IL,USA,60611,9.9
581,32,26-10-2020 00:00,696 Osborne Street,Winnipeg,MB,Canada,R3L 2B9,13.86
582,5,30-10-2020 00:00,Klanova 9/506,Prague,None,Czech Republic,14700,17.82
583,22,30-10-2020 00:00,120 S Orange Ave,Orlando,FL,USA,32801,10.89
584,30,31-10-2020 00:00,230 Elgin Street,Ottawa,ON,Canada,K2P 1L7,0.99
585,40,31-10-2020 00:00,"8, Rue Hanovre",Paris,None,France,75002,8.91
586,55,01-11-2020 00:00,421 Bourke Street,Sidney,NSW,Australia,2010,10.89
587,12,07-11-2020 00:00,"Praça Pio X, 119",Rio de Janeiro,RJ,Brazil,20040-020,1.98
588,5,12-11-2020 00:00,Klanova 9/506,Prague,None,Czech Republic,14700,0.99
589,41,12-11-2020 00:00,"11, Place Bellecour",Lyon,None,France,69002,10.89
590,51,17-11-2020 00:00,Celsiusg. 9,Stockholm,None,Sweden,11230,8.91
591,16,20-11-2020 00:00,1600 Amphitheatre Parkway,Mountain View,CA,USA,94043-1351,6.93
592,2,21-11-2020 00:00,Theodor-Heuss-Straße 34,Stuttgart,None,Germany,70174,7.92
593,12,23-11-2020 00:00,"Praça Pio X, 119",Rio de Janeiro,RJ,Brazil,20040-020,10.89
594,31,24-11-2020 00:00,194A Chain Lake Drive,Halifax,NS,Canada,B3S 1C5,2.97
595,23,27-11-2020 00:00,69 Salem Street,Boston,MA,USA,2113,7.92
596,42,27-11-2020 00:00,"9, Place Louis Barthou",Bordeaux,None,France,33000,5.94
597,13,28-11-2020 00:00,Qe 7 Bloco G,Brasília,DF,Brazil,71020-677,6.93
598,26,04-12-2020 00:00,2211 W Berry Street,Fort Worth,TX,USA,76110,4.95
599,59,06-12-2020 00:00,"3,Raj Bhavan Road",Bangalore,None,India,560001,7.92
600,29,08-12-2020 00:00,796 Dundas Street West,Toronto,ON,Canada,M6J 1V1,4.95
601,44,08-12-2020 00:00,Porthaninkatu 9,Helsinki,None,Finland,530,10.89
602,21,09-12-2020 00:00,801 W 4th Street,Reno,NV,USA,89503,6.93
603,26,10-12-2020 00:00,2211 W Berry Street,Fort Worth,TX,USA,76110,4.95
604,46,12-12-2020 00:00,3 Chatham Street,Dublin,Dublin,Ireland,None,17.82
605,35,17-12-2020 00:00,"Rua dos Campeões Europeus de Viena, 4350",Porto,None,Portugal,None,3.96
606,15,18-12-2020 00:00,700 W Pender Street,Vancouver,BC,Canada,V6C 1G8,11.88
607,59,19-12-2020 00:00,"3,Raj Bhavan Road",Bangalore,None,India,560001,4.95
608,49,20-12-2020 00:00,Ordynacka 10,Warsaw,None,Poland,00-358,0.99
609,14,20-12-2020 00:00,8210 111 ST NW,Edmonton,AB,Canada,T6G 2C7,2.97
610,55,21-12-2020 00:00,421 Bourke Street,Sidney,NSW,Australia,2010,6.93
611,52,27-12-2020 00:00,202 Hoxton Street,London,None,United Kingdom,N1 5LH,1.98
612,33,27-12-2020 00:00,5112 48 Street,Yellowknife,NT,Canada,X1A 1N6,11.88
613,20,29-12-2020 00:00,541 Del Medio Avenue,Mountain View,CA,USA,94040-111,8.91
614,53,30-12-2020 00:00,113 Lupus St,London,None,United Kingdom,SW1V 3EN,12.87
